Type, CALock, Domlock, MID, Flexi
1,35162,35162,35162,35162
2,0,7,7,7
3,0,17978,178,17978
4,0,64,63,64
1,889,1038,1038,1038
2,0,9,9,9
3,0,3510,2310,3510
1,238,327,327,327
2,0,11,11,11
3,0,15576,176,15576
1,15,56,56,56
2,0,11,11,11
3,0,32940,21740,32940
1,5,20,20,20
2,0,11,11,11
3,0,135,135,135
1,1,11,11,11
2,0,12,12,12
3,0,346,146,346
1,1,12,12,12
2,0,13,13,13
3,0,24778,178,24778
1,2,18,18,18
2,0,14,14,14
3,0,3022,422,3022
1,0,27,27,27
2,1,18,18,18
3,0,32742,22542,32742
1,0,17,17,17
2,0,16,16,16
3,0,15698,5298,15698
1,0,23,23,23
2,0,17,17,17
3,0,779,179,779
1,0,27,27,27
2,0,17,17,17
3,0,32458,2458,32458
1,9,51,51,51
2,0,18,18,18
3,0,13554,10954,13554
1,4,38,38,38
2,0,21,21,21
3,0,24406,606,24406
1,0,36,36,36
2,0,23,23,23
3,201,26956,22756,26956
1,4,47,47,47
2,0,26,26,26
3,0,2622,822,2622
1,7,70,70,70
2,0,27,27,27
1,1,47,47,47
2,0,27,27,27
3,0,26540,17140,26540
1,0,45,45,45
2,1,32,32,32
3,0,34540,22340,34540
1,0,45,45,45
2,1,34,34,34
3,0,154,154,154
1,0,47,47,47
2,1,36,36,36
3,0,13356,11956,13356
1,5,64,64,64
2,0,35,35,35
3,0,1441,1041,1441
1,4,59,59,59
2,0,35,35,35
3,0,9,9,9
1,0,58,58,58
2,0,36,36,36
3,201,10944,8344,10944
1,0,60,60,60
2,1,41,41,41
3,0,27098,9098,27098
1,0,64,64,64
2,1,43,43,43
3,0,23497,6697,23497
1,0,60,60,60
2,1,45,45,45
3,0,16273,2673,16273
1,0,62,62,62
2,0,44,44,44
3,201,11257,1457,11257
1,0,64,64,64
2,0,45,45,45
3,0,20942,14142,20942
1,215,305,305,305
2,0,45,45,45
3,0,14218,818,14218
1,209,288,288,288
2,0,45,45,45
3,0,10469,2269,10469
1,0,67,67,67
2,0,45,45,45
3,201,5529,4129,5529
1,204,276,276,276
2,0,45,45,45
3,0,15721,7521,15721
1,4,84,84,84
2,0,46,46,46
3,0,17402,602,17402
1,5,91,91,91
2,0,47,47,47
3,0,4469,1469,4469
1,4,90,90,90
2,0,47,47,47
3,0,12359,11759,12359
1,0,87,87,87
2,1,52,52,52
3,0,597,197,597
1,0,87,87,87
2,1,55,55,55
3,0,23231,1231,23231
1,0,91,91,91
2,1,57,57,57
3,0,10855,1455,10855
1,0,88,88,88
2,0,56,56,56
3,201,26873,3673,26873
1,0,88,88,88
2,0,58,58,58
3,0,13655,1655,13655
1,0,91,91,91
2,0,58,58,58
3,201,10641,1441,10641
1,47,386,186,386
2,0,59,59,59
3,0,34498,11098,34498
1,25,347,147,347
2,0,60,60,60
3,0,141,141,141
1,8,311,111,311
2,0,60,60,60
3,0,4874,1674,4874
1,0,296,96,296
2,0,59,59,59
3,201,26751,20751,26751
1,4,102,102,102
2,0,60,60,60
3,0,31340,20340,31340
1,3,106,106,106
2,0,60,60,60
3,0,14655,1655,14655
1,11,124,124,124
2,0,60,60,60
3,0,33674,4674,33674
1,4,110,110,110
2,0,62,62,62
3,0,162,162,162
1,3,113,113,113
2,0,62,62,62
3,0,4050,1050,4050
1,3,117,117,117
2,0,64,64,64
3,0,31347,24347,31347
1,5,127,127,127
2,0,64,64,64
3,0,4874,1674,4874
1,0,115,115,115
2,0,64,64,64
3,201,22319,10319,22319
1,4,125,125,125
2,0,65,65,65
3,0,34147,25947,34147
1,0,123,123,123
2,0,67,67,67
3,201,2858,1858,2858
1,1,127,127,127
2,0,67,67,67
3,0,32900,10700,32900
1,0,122,122,122
2,1,71,71,71
3,0,31923,15123,31923
1,0,122,122,122
2,0,71,71,71
3,201,17146,12546,17146
1,0,122,122,122
2,202,275,275,275
1,0,122,122,122
2,1,76,76,76
3,0,16075,3075,16075
1,0,125,125,125
2,1,79,79,79
3,0,26957,23357,26957
1,0,123,123,123
2,1,82,82,82
3,0,16749,149,16749
1,0,123,123,123
2,1,84,84,84
3,0,21885,5485,21885
1,0,125,125,125
2,1,86,86,86
3,0,5338,5338,5338
1,0,127,127,127
2,1,88,88,88
3,0,25757,23757,25757
1,0,126,126,126
2,0,86,86,86
3,201,29335,17935,29335
1,0,126,126,126
2,0,87,87,87
3,201,803,403,803
1,0,127,127,127
2,0,87,87,87
3,201,12881,3281,12881
1,20,159,159,159
2,0,87,87,87
3,0,9609,609,9609
1,0,129,129,129
2,0,87,87,87
3,201,34940,22540,34940
1,0,129,129,129
2,0,87,87,87
3,0,977,177,977
1,0,129,129,129
2,0,87,87,87
3,0,15098,5098,15098
1,0,129,129,129
2,0,88,88,88
3,201,11735,7735,11735
1,12,148,148,148
2,0,88,88,88
3,0,7214,814,7214
1,4,136,136,136
2,0,88,88,88
3,0,513,113,513
1,3,137,137,137
2,0,88,88,88
3,0,31141,20941,31141
1,4,141,141,141
2,0,88,88,88
3,0,32339,20939,32339
1,7,147,147,147
2,0,90,90,90
3,0,29747,22947,29747
1,2,140,140,140
2,0,91,91,91
1,4,145,145,145
2,0,91,91,91
3,0,8242,1242,8242
1,0,141,141,141
2,0,94,94,94
3,201,20740,13140,20740
1,0,552,152,552
2,0,294,94,294
3,201,12680,3080,12680
1,0,146,146,146
2,0,95,95,95
3,0,3257,857,3257
1,0,140,140,140
2,1,98,98,98
3,0,3232,632,3232
1,0,139,139,139
2,1,99,99,99
3,0,3699,2299,3699
1,0,139,139,139
2,1,100,100,100
3,0,32704,12304,32704
1,0,140,140,140
2,0,100,100,100
3,201,11150,9150,11150
1,0,144,144,144
2,1,103,103,103
3,0,22341,14941,22341
1,0,141,141,141
2,1,105,105,105
3,0,4449,1049,4449
1,0,144,144,144
2,1,106,106,106
3,0,13802,602,13802
1,0,144,144,144
2,1,107,107,107
3,0,22898,7298,22898
1,0,146,146,146
2,1,108,108,108
3,0,3452,852,3452
1,0,144,144,144
2,0,108,108,108
3,201,12954,10354,12954
1,0,144,144,144
2,1,110,110,110
3,0,1013,813,1013
1,0,146,146,146
2,1,112,112,112
3,0,5855,1255,5855
1,0,549,149,549
2,1,113,113,113
3,0,9668,2468,9668
1,0,346,146,346
2,0,112,112,112
3,201,6136,4736,6136
1,0,146,146,146
2,1,116,116,116
3,0,506,106,506
1,0,346,146,346
2,0,114,114,114
3,201,5050,1050,5050
1,0,145,145,145
2,0,115,115,115
3,0,4301,2701,4301
1,0,347,147,347
2,0,115,115,115
3,201,15514,6714,15514
1,0,145,145,145
2,1,120,120,120
3,0,21561,20961,21561
1,0,345,145,345
2,1,121,121,121
3,0,13067,2067,13067
1,0,146,146,146
2,1,123,123,123
3,0,21858,1858,21858
1,0,147,147,147
2,0,122,122,122
3,201,29930,16730,29930
1,0,146,146,146
2,0,123,123,123
3,0,12903,5103,12903
1,0,146,146,146
2,0,123,123,123
3,0,3491,2091,3491
1,0,147,147,147
2,0,122,122,122
3,0,14698,4898,14698
1,0,150,150,150
2,0,122,122,122
3,201,4536,4536,4536
1,0,148,148,148
2,0,122,122,122
3,0,30475,5475,30475
1,0,147,147,147
2,0,122,122,122
3,0,92,92,92
1,0,147,147,147
2,0,122,122,122
3,0,23947,18747,23947
1,0,148,148,148
2,0,122,122,122
3,0,26947,20547,26947
1,0,150,150,150
2,0,122,122,122
3,201,16353,13153,16353
1,0,148,148,148
2,0,122,122,122
3,201,6071,1871,6071
1,0,149,149,149
2,0,122,122,122
3,0,30814,814,30814
1,0,150,150,150
2,0,122,122,122
3,0,574,374,574
1,0,150,150,150
2,0,123,123,123
3,201,1986,186,1986
1,0,150,150,150
2,0,123,123,123
3,0,979,179,979
1,0,150,150,150
2,0,123,123,123
3,201,11328,6928,11328
1,0,150,150,150
2,0,123,123,123
3,0,26074,3674,26074
1,882,5249,1049,5249
2,0,123,123,123
3,0,4522,3322,4522
1,16,1578,178,1578
2,0,123,123,123
3,0,31127,16727,31127
1,13,573,173,573
2,0,124,124,124
3,0,26540,17540,26540
1,0,155,155,155
2,0,125,125,125
3,201,30107,11907,30107
1,0,153,153,153
2,0,125,125,125
3,0,14676,2876,14676
1,0,154,154,154
2,0,126,126,126
3,0,32127,17127,32127
1,0,155,155,155
2,0,126,126,126
3,201,9729,6329,9729
1,12,373,173,373
2,0,126,126,126
3,0,368,168,368
1,3,161,161,161
2,0,126,126,126
3,0,15828,1028,15828
1,4,363,163,363
2,0,126,126,126
3,0,156,156,156
1,4,165,165,165
2,0,126,126,126
3,0,3034,434,3034
1,0,360,160,360
2,0,127,127,127
3,201,20511,8311,20511
1,0,360,160,360
2,0,127,127,127
3,0,998,398,998
1,0,159,159,159
2,0,128,128,128
3,0,22747,17947,22747
1,0,159,159,159
2,0,129,129,129
3,0,4474,1674,4474
1,2,363,163,363
2,0,129,129,129
3,0,30022,1022,30022
1,0,160,160,160
2,0,129,129,129
3,201,4296,2496,4296
1,0,159,159,159
2,0,129,129,129
3,201,10891,3491,10891
1,0,160,160,160
2,0,129,129,129
3,201,23962,23562,23962
1,0,160,160,160
2,0,129,129,129
3,0,3850,1050,3850
1,1,362,162,362
2,0,129,129,129
3,0,21994,394,21994
1,0,161,161,161
2,0,129,129,129
3,201,22735,13735,22735
1,0,161,161,161
2,1,134,134,134
3,0,31127,16527,31127
1,0,362,162,362
2,1,134,134,134
3,0,4860,1260,4860
1,0,161,161,161
2,1,134,134,134
3,0,13718,118,13718
1,0,160,160,160
2,0,133,133,133
3,201,31323,15123,31323
1,0,160,160,160
2,1,134,134,134
3,0,31273,4073,31273
1,0,161,161,161
2,1,136,136,136
3,0,88,88,88
1,0,960,160,960
2,1,138,138,138
3,0,29361,28361,29361
1,0,160,160,160
2,1,139,139,139
3,0,2827,627,2827
1,0,160,160,160
2,1,139,139,139
3,0,22528,128,22528
1,0,160,160,160
2,1,140,140,140
1,0,160,160,160
2,0,139,139,139
3,201,2031,1031,2031
1,0,560,160,560
2,0,139,139,139
3,201,367,167,367
1,0,160,160,160
2,1,140,140,140
3,0,34753,28753,34753
1,0,360,160,360
2,1,141,141,141
3,0,15980,180,15980
1,0,359,159,359
2,1,143,143,143
3,0,12258,1658,12258
1,0,558,158,558
2,0,141,141,141
3,0,1646,1046,1646
1,0,358,158,358
2,0,141,141,141
3,0,33675,5675,33675
1,0,357,157,357
2,0,141,141,141
3,0,18341,12141,18341
1,0,156,156,156
2,0,138,138,138
3,201,4852,1252,4852
1,459,2022,622,2022
2,0,139,139,139
3,0,4873,1673,4873
1,20,781,181,781
2,0,139,139,139
3,0,17074,3474,17074
1,10,769,169,769
2,0,139,139,139
3,0,22084,5484,22084
1,3,361,161,361
2,0,139,139,139
3,0,7838,1238,7838
1,2,559,159,559
2,0,139,139,139
3,0,10491,3491,10491
1,4,161,161,161
2,0,139,139,139
3,0,8659,1659,8659
1,9,167,167,167
2,0,139,139,139
3,0,28960,27760,28960
1,3,161,161,161
2,0,140,140,140
3,0,5051,1051,5051
1,2,160,160,160
2,0,140,140,140
3,0,9178,178,9178
1,3,162,162,162
2,0,141,141,141
3,0,33674,4474,33674
1,0,159,159,159
2,0,141,141,141
3,201,17474,2874,17474
1,0,158,158,158
2,0,143,143,143
3,0,1000,400,1000
1,0,158,158,158
2,0,143,143,143
3,0,3281,1681,3281
1,0,159,159,159
2,0,144,144,144
3,201,7530,5130,7530
1,20,581,181,581
2,0,144,144,144
3,0,18913,113,18913
1,11,371,171,371
2,0,144,144,144
3,0,6726,4726,6726
1,4,365,165,365
2,0,144,144,144
3,0,123,123,123
1,2,162,162,162
2,0,144,144,144
3,0,7280,2480,7280
1,4,164,164,164
2,0,144,144,144
3,0,160,160,160
1,8,369,169,369
2,0,144,144,144
3,0,13075,2475,13075
1,0,361,161,361
2,0,144,144,144
3,201,22698,7098,22698
1,3,164,164,164
2,0,144,144,144
3,0,22360,21360,22360
1,4,165,165,165
2,0,144,144,144
3,0,6259,1659,6259
1,0,160,160,160
2,0,145,145,145
3,201,22107,8507,22107
1,0,160,160,160
2,0,145,145,145
3,0,167,167,167
1,0,160,160,160
2,0,146,146,146
3,0,17493,93,17493
1,0,160,160,160
2,0,146,146,146
3,0,12454,1654,12454
1,217,977,377,977
2,0,146,146,146
3,0,23127,12727,23127
1,3,363,163,363
2,0,146,146,146
3,0,14298,4898,14298
1,2,363,163,363
2,0,346,146,346
3,0,2547,147,2547
1,0,160,160,160
2,0,145,145,145
3,201,19704,7304,19704
1,0,160,160,160
2,0,145,145,145
3,201,34547,26747,34547
1,5,565,165,565
2,0,145,145,145
3,0,11694,3894,11694
1,0,360,160,360
2,0,145,145,145
3,201,33904,12504,33904
1,1,160,160,160
2,0,145,145,145
3,0,20724,9924,20724
1,3,363,163,363
2,0,145,145,145
3,0,1166,166,1166
1,208,366,366,366
2,0,145,145,145
3,0,13097,4497,13097
1,204,363,363,363
2,0,145,145,145
3,0,151,151,151
4,0,160,20,160
1,0,159,159,159
2,0,345,145,345
3,201,11484,3084,11484
1,3,162,162,162
2,0,144,144,144
3,0,14698,4898,14698
1,4,1960,160,1960
2,0,144,144,144
3,0,13942,9342,13942
1,3,760,160,760
2,0,144,144,144
3,0,4738,138,4738
1,0,358,158,358
2,0,145,145,145
3,201,32357,29757,32357
1,0,158,158,158
2,0,146,146,146
3,201,4678,1878,4678
1,0,358,158,358
2,0,146,146,146
3,201,8325,5325,8325
1,0,157,157,157
2,0,146,146,146
3,201,30926,15526,30926
1,2,559,159,559
2,0,146,146,146
3,0,8859,2259,8859
1,0,558,158,558
2,0,146,146,146
3,201,19139,11739,19139
1,1,157,157,157
2,0,146,146,146
3,0,22161,21361,22161
1,0,156,156,156
2,0,146,146,146
3,201,31872,3472,31872
1,0,155,155,155
2,0,146,146,146
3,201,7140,5340,7140
1,0,155,155,155
2,0,146,146,146
3,0,5100,2900,5100
1,0,155,155,155
2,0,147,147,147
3,201,20718,9118,20718
1,0,155,155,155
2,0,147,147,147
3,0,11736,7736,11736
1,0,554,154,554
2,0,147,147,147
3,201,22898,7498,22898
1,0,154,154,154
2,0,147,147,147
3,201,33310,13310,33310
1,0,154,154,154
2,0,147,147,147
3,0,21476,4076,21476
1,0,154,154,154
2,0,147,147,147
3,0,7658,1458,7658
1,0,154,154,154
2,0,147,147,147
3,0,21519,9719,21519
1,0,354,154,354
2,0,148,148,148
3,201,26856,2056,26856
1,0,354,154,354
2,0,148,148,148
3,0,34547,26747,34547
1,0,153,153,153
2,0,148,148,148
3,201,18519,8119,18519
1,0,153,153,153
2,0,148,148,148
1,0,353,153,353
2,0,148,148,148
3,0,12054,1454,12054
1,0,353,153,353
2,0,148,148,148
3,201,10737,7537,10737
1,0,152,152,152
2,0,148,148,148
3,201,24676,4676,24676
1,0,152,152,152
2,0,148,148,148
3,0,17858,1858,17858
1,0,952,152,952
2,0,149,149,149
3,201,627,627,627
1,0,152,152,152
2,0,149,149,149
3,0,559,159,559
1,0,152,152,152
2,0,150,150,150
3,201,12137,8137,12137
1,0,152,152,152
2,0,150,150,150
3,0,15142,10342,15142
1,0,152,152,152
2,0,150,150,150
1,0,352,152,352
2,0,150,150,150
3,201,31357,27757,31357
1,0,152,152,152
2,0,150,150,150
3,0,8041,1241,8041
1,0,152,152,152
2,0,150,150,150
3,0,23949,149,23949
1,0,352,152,352
2,0,150,150,150
3,201,9540,7340,9540
1,0,751,151,751
2,0,150,150,150
3,0,161,161,161
1,0,351,151,351
2,0,150,150,150
3,201,3098,2898,3098
1,0,550,150,550
2,0,150,150,150
3,201,26934,15534,26934
1,0,148,148,148
2,0,150,150,150
3,0,154,154,154
1,24,29170,170,29170
2,0,153,153,153
3,0,9340,7340,9340
1,21,6368,168,6368
2,0,153,153,153
3,0,28927,15727,28927
1,5,2353,153,2353
2,0,153,153,153
3,0,28176,176,28176
1,0,749,149,749
2,0,153,153,153
3,201,14739,9139,14739
1,0,349,149,349
2,0,153,153,153
3,0,19297,6097,19297
1,0,348,148,348
2,0,154,154,154
3,201,24876,4676,24876
1,0,347,147,347
2,0,154,154,154
3,201,12746,9546,12746
1,4,950,150,950
2,0,155,155,155
3,0,147,147,147
1,3,150,150,150
2,0,155,155,155
3,0,1862,1262,1862
1,0,347,147,347
2,1,159,159,159
3,0,11262,1462,11262
1,0,746,146,746
2,1,160,160,160
1,0,942,142,942
2,0,159,159,159
3,201,18897,5697,18897
1,0,542,142,542
2,1,161,161,161
3,0,27698,8698,27698
1,0,140,140,140
2,1,161,161,161
3,0,25554,154,25554
1,0,540,140,540
2,1,361,161,361
3,0,13125,6725,13125
1,0,1337,137,1337
2,1,162,162,162
3,0,24855,1855,24855
1,0,537,137,537
2,1,163,163,163
3,0,15076,3476,15076
1,0,137,137,137
2,1,163,163,163
3,0,20276,4476,20276
1,0,337,137,337
2,0,160,160,160
3,201,30742,20942,30742
1,0,336,136,336
2,0,360,160,360
3,201,21526,11326,21526
1,0,735,135,735
2,0,159,159,159
3,0,4652,1252,4652
1,0,135,135,135
2,0,159,159,159
3,0,6510,4110,6510
1,0,735,135,735
2,0,159,159,159
3,0,13368,168,13368
1,0,132,132,132
2,0,159,159,159
3,0,7457,1257,7457
1,0,332,132,332
2,0,159,159,159
3,0,20276,4076,20276
1,0,132,132,132
2,0,159,159,159
3,0,9776,176,9776
1,0,132,132,132
2,0,159,159,159
3,0,4674,1674,4674
1,0,332,132,332
2,0,159,159,159
3,201,5209,409,5209
1,15,2946,146,2946
2,0,159,159,159
3,0,32274,4474,32274
1,9,1341,141,1341
2,0,159,159,159
3,0,4860,1260,4860
1,4,737,137,737
2,0,159,159,159
3,0,160,160,160
1,0,330,130,330
2,0,160,160,160
3,201,16613,613,16613
1,4,533,133,533
2,0,160,160,160
3,0,34326,18126,34326
1,0,926,126,926
2,0,160,160,160
3,201,33941,22541,33941
1,0,326,126,326
2,0,160,160,160
3,201,7512,4512,7512
1,0,125,125,125
2,0,160,160,160
3,201,5819,619,5819
1,0,725,125,725
2,0,161,161,161
3,201,99,99,99
1,5,927,127,927
2,0,161,161,161
3,0,22673,3473,22673
1,0,523,123,523
2,0,161,161,161
3,201,26330,14730,26330
1,0,321,121,321
2,0,161,161,161
3,201,801,201,801
1,4,324,124,324
2,0,161,161,161
3,0,14698,5098,14698
1,2,8718,118,8718
2,0,161,161,161
3,0,32500,10900,32500
1,0,1717,117,1717
2,0,161,161,161
3,201,1865,1865,1865
1,0,717,117,717
2,0,361,161,361
3,201,28100,9700,28100
1,0,117,117,117
2,0,161,161,161
3,0,20157,18557,20157
1,0,317,117,317
2,0,160,160,160
3,201,19742,13142,19742
1,0,516,116,516
2,0,160,160,160
3,0,3705,2505,3705
1,0,714,114,714
2,0,160,160,160
3,201,29360,27760,29360
1,0,514,114,514
2,0,160,160,160
3,0,4473,1673,4473
1,0,112,112,112
2,0,160,160,160
3,0,22075,4475,22075
1,0,312,112,312
2,0,160,160,160
3,0,33704,12304,33704
1,0,511,111,511
2,0,160,160,160
3,201,31539,19739,31539
1,0,111,111,111
2,0,161,161,161
3,0,3027,627,3027
1,0,511,111,511
2,0,161,161,161
3,201,17957,15757,17957
1,0,109,109,109
2,0,160,160,160
3,0,21498,6898,21498
1,1,2910,110,2910
2,0,160,160,160
3,0,4917,3317,4917
1,0,1310,110,1310
2,0,160,160,160
3,201,1613,813,1613
1,0,710,110,710
2,0,160,160,160
3,0,4874,1674,4874
1,0,507,107,507
2,0,160,160,160
3,201,14474,2874,14474
1,0,305,105,305
2,0,160,160,160
3,0,34547,26347,34547
1,0,304,104,304
2,0,160,160,160
3,201,27874,4074,27874
1,0,104,104,104
2,0,160,160,160
3,201,25953,20753,25953
1,0,104,104,104
2,0,160,160,160
3,201,27542,18542,27542
1,0,304,104,304
2,0,160,160,160
3,201,8487,3487,8487
1,0,1503,103,1503
2,0,160,160,160
3,201,27476,5476,27476
1,0,303,103,303
2,0,160,160,160
3,0,775,175,775
1,0,702,102,702
2,0,360,160,360
3,0,3257,857,3257
1,0,699,99,699
2,0,159,159,159
3,201,6603,603,6603
1,0,4295,95,4295
2,0,159,159,159
3,201,32502,11102,32502
1,0,1295,95,1295
2,0,159,159,159
3,0,32126,16126,32126
1,0,495,95,495
2,0,159,159,159
3,201,6105,3705,6105
1,0,293,93,293
2,0,359,159,359
3,0,7457,1257,7457
1,0,692,92,692
2,0,158,158,158
3,0,31474,5274,31474
1,0,1889,89,1889
2,0,358,158,358
3,201,19898,6298,19898
1,0,489,89,489
2,0,157,157,157
3,201,33557,30157,33557
1,0,687,87,687
2,0,157,157,157
3,0,10755,10755,10755
1,0,884,84,884
2,0,357,157,357
3,201,32910,13110,32910
1,0,1280,80,1280
2,0,156,156,156
3,0,5674,2074,5674
1,0,480,80,480
2,0,156,156,156
3,0,22976,176,22976
1,0,878,78,878
2,0,156,156,156
3,0,16561,15961,16561
1,0,74,74,74
2,0,156,156,156
1,0,14273,73,14273
2,1,360,160,360
3,0,160,160,160
1,0,4273,73,4273
2,1,159,159,159
3,0,9666,1866,9666
1,0,1273,73,1273
2,0,158,158,158
3,201,23560,22360,23560
1,0,673,73,673
2,0,158,158,158
3,201,18744,12944,18744
1,0,470,70,470
2,1,359,159,359
3,0,16658,1658,16658
1,0,268,68,268
2,0,357,157,357
3,201,16334,9334,16334
1,0,1267,67,1267
2,1,159,159,159
1,0,267,67,267
2,1,159,159,159
3,0,139,139,139
1,0,466,66,466
2,1,159,159,159
3,0,29876,6676,29876
1,0,664,64,664
2,0,158,158,158
3,201,6464,1664,6464
1,0,1861,61,1861
2,1,159,159,159
3,0,4330,4330,4330
1,0,261,61,261
2,1,160,160,160
3,0,45,45,45
1,0,660,60,660
2,0,159,159,159
3,201,23689,5689,23689
1,0,1057,57,1057
2,0,159,159,159
3,201,24562,24362,24562
1,0,5052,52,5052
2,1,160,160,160
3,0,13497,4897,13497
1,0,1252,52,1252
2,1,161,161,161
3,0,19074,3874,19074
1,0,452,52,452
2,1,161,161,161
3,0,12875,2475,12875
1,0,250,50,250
2,0,160,160,160
3,201,24298,7698,24298
1,0,649,49,649
2,0,158,158,158
3,0,3867,1467,3867
1,0,1846,46,1846
2,0,158,158,158
3,0,29874,4274,29874
1,0,446,46,446
2,0,158,158,158
3,201,7506,3706,7506
1,0,844,44,844
2,0,158,158,158
3,0,123,123,123
1,0,640,40,640
2,0,158,158,158
3,0,10376,176,10376
1,0,2037,37,2037
2,0,158,158,158
3,0,32,32,32
1,0,1037,37,1037
2,0,159,159,159
3,0,4385,385,4385
1,0,232,32,232
2,0,159,159,159
3,201,31828,1228,31828
1,0,831,31,831
2,0,159,159,159
3,201,33697,9697,33697
1,0,5027,27,5027
2,1,162,162,162
3,0,11875,2275,11875
1,0,2027,27,2027
2,1,163,163,163
3,0,25726,13526,25726
1,0,627,27,627
2,1,363,163,363
3,0,6730,4730,6730
1,0,624,24,624
2,0,161,161,161
3,201,31704,11304,31704
1,0,821,21,821
2,1,162,162,162
3,0,19941,12941,19941
1,0,1617,17,1617
2,0,161,161,161
3,201,15865,2065,15865
1,0,617,17,617
2,1,162,162,162
3,0,3634,634,3634
1,0,414,14,414
2,1,162,162,162
3,0,29347,22747,29347
1,0,612,12,612
2,1,162,162,162
3,0,4050,1050,4050
1,0,1409,9,1409
2,0,360,160,360
3,0,3562,162,3562
1,0,609,9,609
2,0,160,160,160
3,0,10868,2068,10868
1,0,206,6,206
2,0,160,160,160
3,201,28476,6476,28476
1,0,605,5,605
2,1,162,162,162
3,0,16527,8727,16527
2,1,163,163,163
3,0,34547,26747,34547
2,0,162,162,162
3,201,5733,4333,5733
2,1,163,163,163
3,0,19298,6298,19298
2,1,163,163,163
3,0,4450,1050,4450
2,1,163,163,163
3,0,5902,3702,5902
2,0,160,160,160
3,0,9340,8140,9340
2,0,160,160,160
3,0,29098,9298,29098
2,0,160,160,160
3,0,7175,175,7175
2,0,160,160,160
3,201,1212,612,1212
2,0,160,160,160
3,0,20941,14141,20941
2,0,160,160,160
3,0,26362,26362,26362
2,0,160,160,160
3,0,550,150,550
2,0,160,160,160
3,0,10605,605,10605
2,0,160,160,160
3,0,9110,5310,9110
2,0,162,162,162
3,201,25931,14731,25931
2,0,162,162,162
3,201,30522,14522,30522
2,1,363,163,363
3,0,18153,14553,18153
2,0,160,160,160
3,0,33674,5274,33674
2,0,160,160,160
3,201,75,75,75
2,0,160,160,160
3,0,32704,12304,32704
2,0,160,160,160
3,201,20097,6297,20097
2,0,160,160,160
3,0,27747,20747,27747
2,0,160,160,160
3,201,18546,13546,18546
2,0,160,160,160
3,0,13960,13560,13960
2,0,160,160,160
3,201,21273,3073,21273
2,0,360,160,360
3,0,9887,3287,9887
2,0,160,160,160
3,201,3859,1259,3859
2,0,160,160,160
3,201,29311,12311,29311
2,0,160,160,160
3,201,25757,23757,25757
2,1,161,161,161
3,0,7,7,7
2,0,360,160,360
3,201,9707,4507,9707
2,1,161,161,161
3,0,4487,2487,4487
2,0,160,160,160
3,201,21919,10119,21919
2,202,362,362,362
3,0,25298,8498,25298
2,1,161,161,161
3,0,12983,183,12983
2,0,159,159,159
3,201,25547,19747,25547
2,0,159,159,159
3,201,6728,4728,6728
4,0,75,73,75
2,0,159,159,159
3,0,4983,383,4983
2,1,161,161,161
3,0,21059,2059,21059
2,1,161,161,161
3,0,7862,1862,7862
2,0,160,160,160
3,201,16153,12553,16153
2,0,158,158,158
3,201,9667,1867,9667
2,0,158,158,158
3,0,14698,4898,14698
2,0,158,158,158
3,201,8523,5323,8523
2,0,158,158,158
3,0,21498,6898,21498
2,0,158,158,158
3,0,5105,105,5105
2,0,358,158,358
3,201,33141,21941,33141
2,0,157,157,157
3,0,5397,397,5397
2,0,157,157,157
3,0,8457,1657,8457
2,0,157,157,157
3,201,21336,12936,21336
2,0,158,158,158
3,201,26892,7092,26892
2,0,158,158,158
3,201,19557,17557,19557
2,0,558,158,558
3,0,13546,9946,13546
2,0,157,157,157
3,201,30356,25756,30356
2,0,157,157,157
3,201,10117,5317,10117
2,0,157,157,157
3,201,13073,2273,13073
2,0,156,156,156
3,0,27957,24757,27957
2,0,156,156,156
3,201,17723,8123,17723
2,0,156,156,156
3,0,28698,9898,28698
2,0,155,155,155
3,0,34561,33561,34561
2,0,155,155,155
3,0,28474,5074,28474
2,0,155,155,155
3,201,12361,12361,12361
2,0,155,155,155
3,0,25876,4876,25876
2,0,155,155,155
3,0,147,147,147
2,0,155,155,155
3,0,5876,2076,5876
2,0,155,155,155
3,201,14335,8735,14335
2,0,155,155,155
3,0,11673,1873,11673
2,0,155,155,155
3,0,1838,38,1838
2,0,154,154,154
3,0,24362,24362,24362
2,0,154,154,154
3,201,13913,6313,13913
2,0,154,154,154
3,201,3032,632,3032
2,0,154,154,154
3,201,23432,1232,23432
2,0,154,154,154
3,0,160,160,160
2,0,154,154,154
3,0,4674,1674,4674
2,0,154,154,154
3,0,27181,181,27181
2,0,154,154,154
3,0,3865,1265,3865
2,0,154,154,154
3,201,2422,222,2422
2,0,154,154,154
3,201,23757,21957,23757
2,0,354,154,354
3,0,25357,23157,25357
2,0,153,153,153
3,201,15145,11145,15145
2,0,153,153,153
3,201,2845,645,2845
2,0,153,153,153
3,201,13289,3889,13289
2,0,153,153,153
3,201,162,162,162
2,0,153,153,153
3,0,4917,3317,4917
2,0,153,153,153
3,201,1050,850,1050
2,0,153,153,153
3,0,10900,4500,10900
2,0,353,153,353
3,201,29946,22346,29946
2,0,152,152,152
3,201,9114,5714,9114
2,0,152,152,152
3,0,5634,634,5634
2,0,152,152,152
3,201,15562,15562,15562
2,0,152,152,152
3,201,17327,9127,17327
2,0,152,152,152
3,0,351,151,351
2,0,152,152,152
3,201,16265,2065,16265
2,0,152,152,152
3,201,2670,1870,2670
2,0,152,152,152
3,0,15153,12153,15153
2,0,152,152,152
3,0,6506,4106,6506
2,0,152,152,152
3,0,12303,4903,12303
2,0,152,152,152
3,0,143,143,143
2,0,152,152,152
3,0,571,371,571
2,0,152,152,152
3,201,14155,11355,14155
2,0,152,152,152
3,201,24476,4476,24476
2,0,152,152,152
3,0,22353,18353,22353
2,0,152,152,152
3,0,29876,5676,29876
2,0,152,152,152
3,0,30475,5475,30475
2,0,152,152,152
3,0,570,370,570
2,0,152,152,152
3,201,5180,380,5180
2,0,152,152,152
3,201,1463,1463,1463
2,0,152,152,152
3,201,15315,6715,15315
2,0,152,152,152
3,0,20259,2059,20259
2,0,152,152,152
3,201,31476,6076,31476
2,0,152,152,152
3,0,16757,15357,16757
2,0,152,152,152
3,201,21342,14542,21342
2,0,352,152,352
3,201,4700,2700,4700
2,0,151,151,151
3,201,14724,7124,14724
2,0,351,151,351
3,0,22547,17747,22547
2,0,150,150,150
3,201,21073,2873,21073
2,0,350,150,350
3,0,21942,14942,21942
2,0,349,149,349
3,201,24352,19352,24352
2,0,148,148,148
3,0,26074,3674,26074
2,0,148,148,148
3,0,21006,606,21006
2,0,148,148,148
3,0,8281,2681,8281
2,0,148,148,148
3,201,16536,9936,16536
2,0,349,149,349
3,201,27657,2257,27657
2,0,148,148,148
3,201,28141,18541,28141
2,0,148,148,148
3,0,17360,16360,17360
2,0,148,148,148
3,0,4452,1052,4452
2,0,148,148,148
3,0,35161,34161,35161
2,0,348,148,348
3,0,16379,179,16379
2,0,147,147,147
3,201,16874,3274,16874
2,0,347,147,347
3,0,17,17,17
2,0,146,146,146
3,201,32552,25952,32552
2,1,149,149,149
3,0,25757,23757,25757
2,1,149,149,149
3,0,4855,1255,4855
2,0,148,148,148
3,201,7345,7345,7345
2,0,147,147,147
3,0,20275,4075,20275
2,0,147,147,147
3,0,11806,606,11806
2,0,347,147,347
2,0,346,146,346
2,0,145,145,145
2,0,545,145,545
2,0,342,142,342
2,0,141,141,141
2,0,341,141,341
2,0,140,140,140
2,0,140,140,140
2,0,140,140,140
2,0,340,140,340
2,0,339,139,339
2,0,138,138,138
2,0,137,137,137
2,0,137,137,137
2,0,137,137,137
2,0,137,137,137
2,0,137,137,137
2,0,337,137,337
2,0,136,136,136
2,0,336,136,336
2,0,135,135,135
2,0,135,135,135
2,0,135,135,135
2,0,135,135,135
2,0,135,135,135
2,0,535,135,535
2,0,333,133,333
2,0,132,132,132
2,0,132,132,132
2,0,132,132,132
2,0,132,132,132
2,0,132,132,132
2,0,132,132,132
2,0,132,132,132
2,0,132,132,132
2,0,132,132,132
2,0,332,132,332
2,0,131,131,131
2,0,131,131,131
2,1,335,135,335
2,1,134,134,134
2,1,534,134,534
2,0,130,130,130
2,0,330,130,330
2,0,129,129,129
2,1,331,131,331
2,1,130,130,130
2,1,330,130,330
2,0,126,126,126
2,0,126,126,126
2,0,326,126,326
2,0,125,125,125
2,0,125,125,125
2,0,125,125,125
2,0,325,125,325
2,0,324,124,324
2,0,323,123,323
2,0,323,123,323
2,0,122,122,122
2,0,322,122,322
2,0,121,121,121
2,0,121,121,121
2,0,321,121,321
2,1,322,122,322
2,1,121,121,121
2,1,121,121,121
2,0,117,117,117
2,0,117,117,117
2,0,117,117,117
2,0,117,117,117
2,0,317,117,317
2,0,116,116,116
2,0,316,116,316
2,0,115,115,115
2,0,315,115,315
2,0,314,114,314
2,0,313,113,313
2,0,112,112,112
2,0,112,112,112
2,0,112,112,112
2,0,112,112,112
2,0,112,112,112
2,0,312,112,312
2,0,111,111,111
2,0,111,111,111
2,0,111,111,111
2,0,111,111,111
2,0,111,111,111
2,0,511,111,511
2,0,109,109,109
2,0,109,109,109
2,0,109,109,109
2,0,109,109,109
2,0,110,110,110
2,0,310,110,310
2,0,509,109,509
2,0,307,107,307
2,0,106,106,106
2,0,306,106,306
2,0,305,105,305
4,0,13,5,13
2,0,104,104,104
2,0,104,104,104
2,0,104,104,104
2,0,104,104,104
2,0,104,104,104
2,0,104,104,104
2,0,104,104,104
2,0,104,104,104
2,0,104,104,104
2,0,104,104,104
2,0,304,104,304
2,0,303,103,303
2,0,102,102,102
2,0,102,102,102
2,0,102,102,102
2,0,502,102,502
2,0,300,100,300
2,0,299,99,299
2,0,298,98,298
2,0,297,97,297
2,0,95,95,95
2,0,295,95,295
2,0,294,94,294
2,0,93,93,93
2,0,93,93,93
2,0,293,93,293
2,0,92,92,92
2,0,292,92,292
2,0,491,91,491
2,0,89,89,89
2,0,289,89,289
2,0,288,88,288
2,0,87,87,87
2,0,487,87,487
2,0,285,85,285
2,0,484,84,484
2,0,482,82,482
2,0,80,80,80
2,0,280,80,280
2,0,79,79,79
2,0,279,79,279
2,0,678,78,678
2,0,75,75,75
2,0,275,75,275
2,0,74,74,74
2,0,74,74,74
2,0,74,74,74
2,0,73,73,73
2,0,273,73,273
2,0,472,72,472
2,0,70,70,70
2,0,270,70,270
2,0,269,69,269
2,0,68,68,68
2,0,68,68,68
2,0,268,68,268
2,0,267,67,267
2,0,66,66,66
2,0,66,66,66
2,0,266,66,266
2,0,65,65,65
2,0,265,65,265
2,0,64,64,64
2,0,464,64,464
2,0,262,62,262
2,0,61,61,61
2,0,61,61,61
2,0,261,61,261
2,0,460,60,460
2,0,58,58,58
2,0,258,58,258
2,0,257,57,257
2,0,256,56,256
2,0,655,55,655
2,0,252,52,252
2,0,51,51,51
2,0,251,51,251
2,0,250,50,250
2,0,49,49,49
2,0,49,49,49
2,0,249,49,249
2,0,248,48,248
2,0,247,47,247
2,0,246,46,246
2,0,45,45,45
2,0,245,45,245
2,0,244,44,244
2,0,43,43,43
2,0,643,43,643
2,0,240,40,240
2,0,239,39,239
2,0,238,38,238
2,0,237,37,237
2,0,636,36,636
2,0,233,33,233
2,0,32,32,32
2,0,232,32,232
2,0,31,31,31
2,0,231,31,231
2,0,230,30,230
2,0,429,29,429
2,0,227,27,227
2,0,226,26,226
2,0,225,25,225
2,0,424,24,424
2,0,222,22,222
2,0,21,21,21
2,0,421,21,421
2,0,419,19,419
2,0,17,17,17
2,0,217,17,217
2,0,16,16,16
2,0,416,16,416
2,0,214,14,214
2,0,213,13,213
2,0,12,12,12
2,0,212,12,212
2,0,411,11,411
2,0,9,9,9
2,0,409,9,409
2,0,7,7,7
2,0,207,7,207
2,0,206,6,206
2,0,5,5,5
2,0,5,5,5
2,0,5,5,5
2,0,405,5,405
2,0,203,3,203
4,0,135,135,135
4,0,145,143,145
4,0,30,29,30
4,0,160,124,160
4,0,14,3,14
4,0,99,68,99
4,0,160,146,160
4,0,9,7,9
4,0,111,15,111
4,0,39,38,39
4,200,242,205,242
4,0,159,101,159
4,0,45,16,45
4,0,5,2,5
4,0,154,154,154
4,0,112,7,112
4,0,159,54,159
4,0,9,9,9
4,200,324,224,324
4,0,40,29,40
4,0,58,42,58
4,0,93,82,93
4,200,315,307,315
4,0,74,22,74
4,0,92,89,92
4,0,125,103,125
4,200,350,225,350
4,0,99,52,99
4,0,74,72,74
4,0,157,113,157
4,0,117,5,117
4,0,145,82,145
4,0,47,45,47
4,0,117,110,117
4,200,238,233,238
4,0,104,98,104
4,200,310,305,310
4,0,3,2,3
4,0,141,141,141
4,0,152,103,152
4,200,243,208,243
4,0,21,8,21
4,0,99,93,99
4,0,5,3,5
4,0,162,162,162
4,0,154,134,154
4,0,21,6,21
4,0,152,107,152
4,200,263,235,263
4,0,7,2,7
4,200,356,243,356
4,0,11,8,11
4,0,16,8,16
4,200,292,220,292
4,0,95,79,95
4,0,43,5,43
4,0,48,48,48
4,0,66,52,66
4,0,152,4,152
4,0,49,3,49
4,200,229,213,229
4,200,359,312,359
4,200,311,286,311
4,0,114,112,114
4,200,202,201,202
4,0,159,141,159
4,0,102,73,102
4,200,321,237,321
4,0,130,125,130
4,0,111,111,111
4,0,22,6,22
4,0,16,8,16
4,0,29,6,29
4,0,131,121,131
4,200,274,226,274
4,200,312,287,312
4,0,160,107,160
4,0,157,145,157
4,0,160,52,160
4,0,12,8,12
4,200,323,214,323
4,0,66,22,66
4,0,152,134,152
4,0,92,90,92
4,0,61,44,61
4,0,160,115,160
4,200,313,215,313
4,0,147,61,147
4,0,148,120,148
4,0,130,101,130
4,200,348,213,348
4,0,104,104,104
4,200,348,325,348
4,0,158,77,158
4,200,299,256,299
4,0,70,3,70
4,0,109,100,109
4,0,62,57,62
4,200,226,212,226
4,0,112,72,112
4,0,162,54,162
4,0,104,74,104
4,200,357,206,357
4,0,22,19,22
4,0,92,92,92
4,0,58,15,58
4,0,43,8,43
4,200,297,214,297
4,200,346,307,346
4,0,7,6,7
4,0,150,119,150
4,200,359,330,359
4,0,161,135,161
4,200,322,251,322
4,0,43,36,43
4,0,158,35,158
4,0,21,10,21
4,0,45,16,45
4,200,224,216,224
4,0,104,86,104
4,0,16,8,16
4,200,333,244,333
4,0,145,119,145
4,0,85,81,85
4,0,154,154,154
4,0,160,131,160
4,200,272,242,272
4,0,159,116,159
4,0,64,18,64
4,0,154,105,154
4,0,12,11,12
4,200,356,284,356
4,200,322,284,322
4,200,257,202,257
4,0,158,128,158
4,0,48,47,48
4,200,262,227,262
4,0,21,10,21
4,0,152,116,152
4,0,48,48,48
4,200,218,208,218
4,0,17,14,17
4,0,88,88,88
4,0,31,1,31
4,0,161,147,161
4,0,7,7,7
4,200,356,280,356
4,200,344,326,344
4,0,4,1,4
4,0,75,73,75
4,0,111,103,111
4,0,160,51,160
4,0,6,4,6
4,0,87,26,87
4,200,351,320,351
4,0,152,109,152
4,0,89,76,89
4,0,65,51,65
4,0,132,125,132
4,0,125,84,125
4,0,133,108,133
4,0,33,1,33
4,0,150,124,150
4,0,110,107,110
4,0,5,3,5
4,200,286,274,286
4,0,160,120,160
4,0,160,81,160
4,200,341,230,341
4,0,17,17,17
4,0,146,31,146
4,0,123,123,123
4,0,141,102,141
4,0,160,160,160
4,0,111,89,111
4,200,261,244,261
4,0,66,3,66
4,0,148,115,148
4,200,264,240,264
4,0,139,111,139
4,0,5,5,5
4,0,109,104,109
4,0,61,31,61
4,0,106,76,106
4,0,126,125,126
4,200,277,249,277
4,200,204,201,204
4,0,122,81,122
4,200,205,203,205
4,0,74,36,74
4,0,152,151,152
4,0,111,76,111
4,0,151,151,151
4,200,320,288,320
4,0,104,74,104
4,0,110,31,110
4,0,104,102,104
4,200,215,201,215
4,200,352,301,352
4,200,336,236,336
4,200,221,210,221
4,0,132,105,132
4,200,282,229,282
4,0,67,3,67
4,200,213,211,213
4,200,344,216,344
4,0,152,79,152
4,200,271,240,271
4,0,122,36,122
4,200,260,242,260
4,200,208,204,208
4,0,68,53,68
4,0,137,113,137
4,0,68,36,68
4,200,235,233,235
4,0,5,2,5
4,200,283,244,283
4,0,111,105,111
4,200,325,234,325
4,200,251,242,251
4,0,83,76,83
4,200,345,214,345
4,0,153,135,153
4,200,321,236,321
4,0,104,30,104
4,200,220,203,220
4,0,132,123,132
4,0,12,12,12
4,200,334,220,334
4,0,161,161,161
4,200,362,207,362
4,200,241,217,241
4,0,154,154,154
4,0,132,14,132
4,0,32,16,32
4,0,11,10,11
4,200,305,237,305
4,0,80,60,80
4,200,250,242,250
4,200,314,223,314
4,0,147,147,147
4,0,159,21,159
4,0,117,108,117
4,200,281,261,281
4,0,37,28,37
4,0,9,9,9
4,0,112,53,112
4,0,46,43,46
4,0,102,80,102
4,0,75,59,75
4,200,223,206,223
4,200,268,232,268
4,0,153,122,153
4,0,147,71,147
4,0,80,79,80
4,0,137,117,137
4,0,75,62,75
4,0,105,102,105
4,0,153,105,153
4,200,338,332,338
4,0,12,10,12
4,0,152,116,152
4,0,160,160,160
4,200,278,276,278
4,0,5,3,5
4,200,207,202,207
4,200,340,265,340
4,200,334,327,334
4,200,293,282,293
4,0,60,54,60
4,200,244,221,244
4,200,359,351,359
4,0,104,71,104
4,0,13,10,13
4,200,358,207,358
4,200,234,226,234
4,0,78,7,78
4,200,279,219,279
4,0,160,35,160
4,200,230,201,230
4,0,154,112,154
4,0,64,56,64
4,0,7,4,7
4,200,219,208,219
4,0,152,143,152
4,200,288,211,288
4,0,68,46,68
4,0,154,49,154
4,200,357,302,357
4,0,152,104,152
4,200,302,285,302
4,0,5,2,5
4,200,233,229,233
4,200,247,207,247
4,200,239,209,239
4,200,333,287,333
4,200,237,230,237
4,0,159,141,159
4,0,160,111,160
4,200,332,325,332
4,200,212,209,212
4,0,16,8,16
4,200,347,272,347
4,0,137,116,137
4,0,16,13,16
4,200,276,255,276
4,200,209,201,209
4,0,126,3,126
4,200,210,206,210
4,0,148,101,148
4,0,37,36,37
4,0,97,3,97
4,0,160,160,160
4,0,130,108,130
4,200,259,204,259
4,200,284,220,284
4,0,89,82,89
4,200,296,240,296
4,0,139,139,139
4,0,26,22,26
4,200,345,312,345
4,0,161,6,161
4,0,45,45,45
4,200,256,242,256
4,200,254,201,254
4,0,109,77,109
4,0,79,67,79
4,0,112,93,112
4,200,253,237,253
4,0,159,107,159
4,0,24,21,24
4,200,339,271,339
4,0,123,123,123
4,0,102,99,102
4,0,32,32,32
4,0,140,136,140
4,200,203,202,203
4,200,206,204,206
4,0,117,95,117
4,0,48,24,48
4,0,148,33,148
4,200,216,211,216
4,0,79,22,79
4,200,293,285,293
4,0,154,142,154
4,0,31,8,31
4,0,154,130,154
4,0,138,135,138
4,0,122,102,122
4,200,232,227,232
4,0,95,44,95
4,0,5,2,5
4,200,349,216,349
4,0,80,54,80
4,0,152,127,152
4,0,148,74,148
4,0,132,9,132
4,0,30,25,30
4,0,117,115,117
4,200,359,306,359
4,0,73,22,73
4,0,46,1,46
4,0,148,137,148
4,0,109,107,109
4,0,132,64,132
4,200,246,220,246
4,200,222,212,222
4,0,88,13,88
4,0,5,3,5
4,200,274,274,274
4,0,12,8,12
4,200,275,256,275
4,0,39,8,39
4,200,285,219,285
4,0,109,4,109
4,200,266,260,266
4,0,129,87,129
4,200,357,320,357
4,200,228,217,228
4,200,248,202,248
4,0,7,7,7
4,200,329,271,329
4,0,155,92,155
4,200,265,235,265
4,0,49,36,49
4,0,92,90,92
4,200,249,212,249
4,200,346,237,346
4,0,135,132,135
4,0,66,61,66
4,0,137,107,137
4,200,298,216,298
4,200,329,307,329
4,0,104,73,104
4,200,335,246,335
4,0,68,46,68
4,0,79,79,79
4,200,211,204,211
4,0,135,131,135
4,0,132,115,132
4,200,269,226,269
4,200,240,230,240
4,200,280,209,280
4,0,111,23,111
4,200,225,204,225
4,200,330,262,330
4,200,309,296,309
4,0,38,4,38
4,200,287,243,287
4,0,32,26,32
4,0,5,1,5
4,0,31,28,31
4,200,316,203,316
4,0,46,38,46
4,0,147,147,147
4,0,148,106,148
4,200,306,243,306
4,0,116,98,116
4,0,29,29,29
4,0,56,0,56
4,200,307,263,307
4,200,359,343,359
4,200,245,243,245
4,0,160,160,160
4,0,153,105,153
4,0,18,17,18
4,0,160,115,160
4,200,362,346,362
4,200,258,206,258
4,0,51,3,51
4,200,303,226,303
4,200,359,306,359
4,200,309,284,309
4,200,361,361,361
4,0,155,53,155
4,200,360,215,360
4,0,123,75,123
4,200,227,207,227
4,200,331,260,331
4,0,140,129,140
4,200,301,201,301
4,200,290,241,290
4,0,123,85,123
4,200,291,284,291
4,200,358,213,358
4,0,104,16,104
4,0,146,71,146
4,0,115,73,115
4,0,143,143,143
4,0,147,119,147
4,200,308,215,308
4,200,252,244,252
4,0,66,12,66
4,0,26,23,26
4,0,22,19,22
4,0,147,126,147
4,200,332,330,332
4,200,360,211,360
4,200,300,256,300
4,0,70,65,70
4,200,217,214,217
4,0,95,6,95
4,200,270,219,270
4,200,353,278,353
4,200,304,251,304
4,0,65,17,65
4,200,267,261,267
4,0,68,19,68
4,200,255,211,255
4,0,43,37,43
4,0,56,55,56
4,0,135,91,135
4,200,294,236,294
4,200,231,229,231
4,200,236,210,236
4,0,92,3,92
4,0,154,128,154
4,0,2,1,2
4,0,72,71,72
4,200,289,276,289
4,0,17,17,17
4,200,214,202,214
4,0,49,3,49
4,0,152,119,152
4,200,343,205,343
4,0,73,63,73
4,0,104,101,104
